subject_code,subject_name,learning_area,subject_type,class_level,semester,credits,hours_total,hours_per_week,is_active,flag
ค11101,คณิตศาสตร์,คณิตศาสตร์,พื้นฐาน,ป.1,,,200,5,false,
ง11101,การงานอาชีพ,การงานอาชีพ,พื้นฐาน,ป.1,,,40,1,false,
ท11101,ภาษาไทย,ภาษาไทย,พื้นฐาน,ป.1,,,200,5,false,
ท11201,ภาษาและการสื่อสาร,ภาษาไทย,เพิ่มเติม,ป.1,,,200,5,false,
พ11101,สุขศึกษาและพลศึกษา,สุขศึกษาและพลศึกษา,พื้นฐาน,ป.1,,,80,2,false,
ว11101,วิทยาศาสตร์,วิทยาศาสตร์และเทคโนโลยี,พื้นฐาน,ป.1,,,40,1,false,
ว11102,วิทยาการคำนวณ,วิทยาศาสตร์และเทคโนโลยี,พื้นฐาน,ป.1,,,40,1,false,
ว11201,สวนพฤกษศาสตร์ในโรงเรียน,วิทยาศาสตร์และเทคโนโลยี,เพิ่มเติม,ป.1,,,40,1,false,
ศ11101,ศิลปะ,ศิลปะ,พื้นฐาน,ป.1,,,80,2,false,
ส11101,สังคมศึกษา ศาสนา และวัฒนธรรม,สังคมศึกษา ศาสนา และวัฒนธรรม,พื้นฐาน,ป.1,,,40,1,false,
ส11102,ประวัติศาสตร์,สังคมศึกษา ศาสนา และวัฒนธรรม,พื้นฐาน,ป.1,,,40,1,false,
ส11103,หน้าที่พลเมือง วัฒนธรรมและการดำเนินชีวิตในสังคม,สังคมศึกษา ศาสนา และวัฒนธรรม,พื้นฐาน,ป.1,,,40,1,false,
อ11101,ภาษาอังกฤษ,ภาษาต่างประเทศ,พื้นฐาน,ป.1,,,40,1,false,
ค12101,คณิตศาสตร์,คณิตศาสตร์,พื้นฐาน,ป.2,,,200,5,false,
ง12101,การงานอาชีพ,การงานอาชีพ,พื้นฐาน,ป.2,,,40,1,false,
ท12101,ภาษาไทย,ภาษาไทย,พื้นฐาน,ป.2,,,200,5,false,
ท12201,ภาษาและการสื่อสาร,ภาษาไทย,เพิ่มเติม,ป.2,,,200,5,false,
พ12101,สุขศึกษาและพลศึกษา,สุขศึกษาและพลศึกษา,พื้นฐาน,ป.2,,,80,2,false,
ว12101,วิทยาศาสตร์,วิทยาศาสตร์และเทคโนโลยี,พื้นฐาน,ป.2,,,40,1,false,
ว12102,วิทยาการคำนวณ,วิทยาศาสตร์และเทคโนโลยี,พื้นฐาน,ป.2,,,40,1,false,
ว12201,สวนพฤกษศาสตร์ในโรงเรียน,วิทยาศาสตร์และเทคโนโลยี,เพิ่มเติม,ป.2,,,40,1,false,
ศ12101,ศิลปะ,ศิลปะ,พื้นฐาน,ป.2,,,80,2,false,
ส12101,สังคมศึกษา ศาสนา และวัฒนธรรม,สังคมศึกษา ศาสนา และวัฒนธรรม,พื้นฐาน,ป.2,,,40,1,false,
ส12102,ประวัติศาสตร์,สังคมศึกษา ศาสนา และวัฒนธรรม,พื้นฐาน,ป.2,,,40,1,false,
ส12103,หน้าที่พลเมือง วัฒนธรรมและการดำเนินชีวิตในสังคม,สังคมศึกษา ศาสนา และวัฒนธรรม,พื้นฐาน,ป.2,,,40,1,false,
อ12101,ภาษาอังกฤษ,ภาษาต่างประเทศ,พื้นฐาน,ป.2,,,40,1,false,
ค13101,คณิตศาสตร์,คณิตศาสตร์,พื้นฐาน,ป.3,,,200,5,false,
ง13101,การงานอาชีพ,การงานอาชีพ,พื้นฐาน,ป.3,,,40,1,false,
ท13101,ภาษาไทย,ภาษาไทย,พื้นฐาน,ป.3,,,200,5,false,
ท13201,ภาษาและการสื่อสาร,ภาษาไทย,เพิ่มเติม,ป.3,,,200,5,false,
พ13101,สุขศึกษาและพลศึกษา,สุขศึกษาและพลศึกษา,พื้นฐาน,ป.3,,,80,2,false,
ว13101,วิทยาศาสตร์,วิทยาศาสตร์และเทคโนโลยี,พื้นฐาน,ป.3,,,40,1,false,
ว13102,วิทยาการคำนวณ,วิทยาศาสตร์และเทคโนโลยี,พื้นฐาน,ป.3,,,40,1,false,
ว13201,สวนพฤกษศาสตร์ในโรงเรียน,วิทยาศาสตร์และเทคโนโลยี,เพิ่มเติม,ป.3,,,40,1,false,
ศ13101,ศิลปะ,ศิลปะ,พื้นฐาน,ป.3,,,80,2,false,
ส13101,สังคมศึกษา ศาสนา และวัฒนธรรม,สังคมศึกษา ศาสนา และวัฒนธรรม,พื้นฐาน,ป.3,,,40,1,false,
ส13102,ประวัติศาสตร์,สังคมศึกษา ศาสนา และวัฒนธรรม,พื้นฐาน,ป.3,,,40,1,false,
ส13103,หน้าที่พลเมือง วัฒนธรรมและการดำเนินชีวิตในสังคม,สังคมศึกษา ศาสนา และวัฒนธรรม,พื้นฐาน,ป.3,,,40,1,false,
อ13101,ภาษาอังกฤษ,ภาษาต่างประเทศ,พื้นฐาน,ป.3,,,40,1,false,
ค14101,คณิตศาสตร์,คณิตศาสตร์,พื้นฐาน,ป.4,,,160,4,false,
ง14101,การงานอาชีพ,การงานอาชีพ,พื้นฐาน,ป.4,,,80,2,false,
ท14101,ภาษาไทย,ภาษาไทย,พื้นฐาน,ป.4,,,160,4,false,
ท14201,ทักษะสังคมและการดำรงชีวิต,ภาษาไทย,เพิ่มเติม,ป.4,,,200,5,false,
พ14101,สุขศึกษาและพลศึกษา,สุขศึกษาและพลศึกษา,พื้นฐาน,ป.4,,,80,2,false,
ว14101,วิทยาศาสตร์,วิทยาศาสตร์และเทคโนโลยี,พื้นฐาน,ป.4,,,40,1,false,
ว14102,วิทยาการคำนวณ,วิทยาศาสตร์และเทคโนโลยี,พื้นฐาน,ป.4,,,40,1,false,
ว14201,สวนพฤกษศาสตร์ในโรงเรียน,วิทยาศาสตร์และเทคโนโลยี,เพิ่มเติม,ป.4,,,40,1,false,
ศ14101,ศิลปะ,ศิลปะ,พื้นฐาน,ป.4,,,80,2,false,
ส14101,สังคมศึกษา ศาสนา และวัฒนธรรม,สังคมศึกษา ศาสนา และวัฒนธรรม,พื้นฐาน,ป.4,,,40,1,false,
ส14102,ประวัติศาสตร์,สังคมศึกษา ศาสนา และวัฒนธรรม,พื้นฐาน,ป.4,,,40,1,false,
ส14103,หน้าที่พลเมือง วัฒนธรรมและการดำเนินชีวิตในสังคม,สังคมศึกษา ศาสนา และวัฒนธรรม,พื้นฐาน,ป.4,,,40,1,false,
อ14101,ภาษาอังกฤษ,ภาษาต่างประเทศ,พื้นฐาน,ป.4,,,80,2,false,
ค15101,คณิตศาสตร์,คณิตศาสตร์,พื้นฐาน,ป.5,,,160,4,false,
ง15101,การงานอาชีพ,การงานอาชีพ,พื้นฐาน,ป.5,,,80,2,false,
ท15101,ภาษาไทย,ภาษาไทย,พื้นฐาน,ป.5,,,160,4,false,
ท15201,ทักษะสังคมและการดำรงชีวิต,ภาษาไทย,เพิ่มเติม,ป.5,,,200,5,false,
พ15101,สุขศึกษาและพลศึกษา,สุขศึกษาและพลศึกษา,พื้นฐาน,ป.5,,,80,2,false,
ว15101,วิทยาศาสตร์,วิทยาศาสตร์และเทคโนโลยี,พื้นฐาน,ป.5,,,40,1,false,
ว15102,วิทยาการคำนวณ,วิทยาศาสตร์และเทคโนโลยี,พื้นฐาน,ป.5,,,40,1,false,
ว15201,สวนพฤกษศาสตร์ในโรงเรียน,วิทยาศาสตร์และเทคโนโลยี,เพิ่มเติม,ป.5,,,40,1,false,
ศ15101,ศิลปะ,ศิลปะ,พื้นฐาน,ป.5,,,80,2,false,
ส15101,สังคมศึกษา ศาสนา และวัฒนธรรม,สังคมศึกษา ศาสนา และวัฒนธรรม,พื้นฐาน,ป.5,,,40,1,false,
ส15102,ประวัติศาสตร์,สังคมศึกษา ศาสนา และวัฒนธรรม,พื้นฐาน,ป.5,,,40,1,false,
ส15103,หน้าที่พลเมือง วัฒนธรรมและการดำเนินชีวิตในสังคม,สังคมศึกษา ศาสนา และวัฒนธรรม,พื้นฐาน,ป.5,,,40,1,false,
อ15101,ภาษาอังกฤษ,ภาษาต่างประเทศ,พื้นฐาน,ป.5,,,80,2,false,
ค16101,คณิตศาสตร์,คณิตศาสตร์,พื้นฐาน,ป.6,,,160,4,false,
ง16101,การงานอาชีพ,การงานอาชีพ,พื้นฐาน,ป.6,,,80,2,false,
ท16101,ภาษาไทย,ภาษาไทย,พื้นฐาน,ป.6,,,160,4,false,
ท16201,ทักษะสังคมและการดำรงชีวิต,ภาษาไทย,เพิ่มเติม,ป.6,,,200,5,false,
พ16101,สุขศึกษาและพลศึกษา,สุขศึกษาและพลศึกษา,พื้นฐาน,ป.6,,,80,2,false,
ว16101,วิทยาศาสตร์,วิทยาศาสตร์และเทคโนโลยี,พื้นฐาน,ป.6,,,40,1,false,
ว16102,วิทยาการคำนวณ,วิทยาศาสตร์และเทคโนโลยี,พื้นฐาน,ป.6,,,40,1,false,
ว16201,สวนพฤกษศาสตร์ในโรงเรียน,วิทยาศาสตร์และเทคโนโลยี,เพิ่มเติม,ป.6,,,40,1,false,
ศ16101,ศิลปะ,ศิลปะ,พื้นฐาน,ป.6,,,80,2,false,
ส16101,สังคมศึกษา ศาสนา และวัฒนธรรม,สังคมศึกษา ศาสนา และวัฒนธรรม,พื้นฐาน,ป.6,,,40,1,false,
ส16102,ประวัติศาสตร์,สังคมศึกษา ศาสนา และวัฒนธรรม,พื้นฐาน,ป.6,,,40,1,false,
ส16103,หน้าที่พลเมือง วัฒนธรรมและการดำเนินชีวิตในสังคม,สังคมศึกษา ศาสนา และวัฒนธรรม,พื้นฐาน,ป.6,,,40,1,false,
อ16101,ภาษาอังกฤษ,ภาษาต่างประเทศ,พื้นฐาน,ป.6,,,80,2,false,
ค21101,คณิตศาสตร์,คณิตศาสตร์,พื้นฐาน,ม.1,1,1.5,60,3,true,
ค21102,คณิตศาสตร์,คณิตศาสตร์,พื้นฐาน,ม.1,2,1.5,60,3,true,
ง21101,การงานอาชีพ,การงานอาชีพ,พื้นฐาน,ม.1,1,1,40,2,true,
ง21102,การงานอาชีพ,การงานอาชีพ,พื้นฐาน,ม.1,2,1,40,2,true,
ง21201,พื้นฐานอาชีพ,การงานอาชีพ,เพิ่มเติม,ม.1,1,1,40,2,true,
ง21202,พื้นฐานอาชีพ,การงานอาชีพ,เพิ่มเติม,ม.1,2,1,40,2,true,
ท21101,ภาษาไทย,ภาษาไทย,พื้นฐาน,ม.1,1,1.5,60,3,true,
ท21102,ภาษาไทย,ภาษาไทย,พื้นฐาน,ม.1,2,1.5,60,3,true,
พ21101,สุขศึกษาและพลศึกษา,สุขศึกษาและพลศึกษา,พื้นฐาน,ม.1,1,1,40,2,true,
พ21102,สุขศึกษาและพลศึกษา,สุขศึกษาและพลศึกษา,พื้นฐาน,ม.1,2,1,40,2,true,
พ21201,กีฬาและนันทนาการ,สุขศึกษาและพลศึกษา,เพิ่มเติม,ม.1,1,1,40,2,true,
พ21202,กีฬาและนันทนาการ,สุขศึกษาและพลศึกษา,เพิ่มเติม,ม.1,2,1,40,2,true,
ว21101,วิทยาศาสตร์,วิทยาศาสตร์และเทคโนโลยี,พื้นฐาน,ม.1,1,1,40,2,true,
ว21102,วิทยาการคำนวณ,วิทยาศาสตร์และเทคโนโลยี,พื้นฐาน,ม.1,1,0.5,20,1,true,
ว21103,วิทยาศาสตร์,วิทยาศาสตร์และเทคโนโลยี,พื้นฐาน,ม.1,2,1,40,2,true,
ว21104,วิทยาการคำนวณ,วิทยาศาสตร์และเทคโนโลยี,พื้นฐาน,ม.1,2,0.5,20,1,true,
ว21201,สวนพฤกษศาสตร์ในโรงเรียน,วิทยาศาสตร์และเทคโนโลยี,เพิ่มเติม,ม.1,1,0.5,20,1,true,
ว21202,สวนพฤกษศาสตร์ในโรงเรียน,วิทยาศาสตร์และเทคโนโลยี,เพิ่มเติม,ม.1,2,0.5,20,1,true,
ศ21101,ศิลปะ,ศิลปะ,พื้นฐาน,ม.1,1,1,40,2,true,
ศ21102,ศิลปะ,ศิลปะ,พื้นฐาน,ม.1,2,1,40,2,true,
ส21101,สังคมศึกษา ศาสนา และวัฒนธรรม,สังคมศึกษา ศาสนา และวัฒนธรรม,พื้นฐาน,ม.1,1,1,40,2,true,
ส21102,ประวัติศาสตร์,สังคมศึกษา ศาสนา และวัฒนธรรม,พื้นฐาน,ม.1,1,0.5,20,1,true,
ส21103,หน้าที่พลเมือง วัฒนธรรมและการดำเนินชีวิตในสังคม,สังคมศึกษา ศาสนา และวัฒนธรรม,พื้นฐาน,ม.1,1,0.5,20,1,true,
ส21104,สังคมศึกษา ศาสนา และวัฒนธรรม,สังคมศึกษา ศาสนา และวัฒนธรรม,พื้นฐาน,ม.1,2,1,40,2,true,
ส21105,ประวัติศาสตร์,สังคมศึกษา ศาสนา และวัฒนธรรม,พื้นฐาน,ม.1,2,0.5,20,1,true,
ส21106,หน้าที่พลเมือง วัฒนธรรมและการดำเนินชีวิตในสังคม,สังคมศึกษา ศาสนา และวัฒนธรรม,พื้นฐาน,ม.1,2,0.5,20,1,true,
อ21101,ภาษาอังกฤษ,ภาษาต่างประเทศ,พื้นฐาน,ม.1,1,1.5,60,3,true,
อ21102,ภาษาอังกฤษ,ภาษาต่างประเทศ,พื้นฐาน,ม.1,2,1.5,60,3,true,
ค22101,คณิตศาสตร์,คณิตศาสตร์,พื้นฐาน,ม.2,1,1.5,60,3,true,
ค22102,คณิตศาสตร์,คณิตศาสตร์,พื้นฐาน,ม.2,2,1.5,60,3,true,
ง22101,การงานอาชีพ,การงานอาชีพ,พื้นฐาน,ม.2,1,1,40,2,true,
ง22102,การงานอาชีพ,การงานอาชีพ,พื้นฐาน,ม.2,2,1,40,2,true,
ง22201,พื้นฐานอาชีพ,การงานอาชีพ,เพิ่มเติม,ม.2,1,1,40,2,true,
ง22202,พื้นฐานอาชีพ,การงานอาชีพ,เพิ่มเติม,ม.2,2,1,40,2,true,
ท22101,ภาษาไทย,ภาษาไทย,พื้นฐาน,ม.2,1,1.5,60,3,true,
ท22102,ภาษาไทย,ภาษาไทย,พื้นฐาน,ม.2,2,1.5,60,3,true,
พ22101,สุขศึกษาและพลศึกษา,สุขศึกษาและพลศึกษา,พื้นฐาน,ม.2,1,1,40,2,true,
พ22102,สุขศึกษาและพลศึกษา,สุขศึกษาและพลศึกษา,พื้นฐาน,ม.2,2,1,40,2,true,
พ22201,กีฬาและนันทนาการ,สุขศึกษาและพลศึกษา,เพิ่มเติม,ม.2,1,1,40,2,true,
พ22202,กีฬาและนันทนาการ,สุขศึกษาและพลศึกษา,เพิ่มเติม,ม.2,2,1,40,2,true,
ว22101,วิทยาศาสตร์,วิทยาศาสตร์และเทคโนโลยี,พื้นฐาน,ม.2,1,1,40,2,true,
ว22102,วิทยาการคำนวณ,วิทยาศาสตร์และเทคโนโลยี,พื้นฐาน,ม.2,1,0.5,20,1,true,
ว22103,วิทยาศาสตร์,วิทยาศาสตร์และเทคโนโลยี,พื้นฐาน,ม.2,2,1,40,2,true,
ว22104,วิทยาการคำนวณ,วิทยาศาสตร์และเทคโนโลยี,พื้นฐาน,ม.2,2,0.5,20,1,true,
ว22201,สวนพฤกษศาสตร์ในโรงเรียน,วิทยาศาสตร์และเทคโนโลยี,เพิ่มเติม,ม.2,1,0.5,20,1,true,
ว22202,สวนพฤกษศาสตร์ในโรงเรียน,วิทยาศาสตร์และเทคโนโลยี,เพิ่มเติม,ม.2,2,0.5,20,1,true,
ศ22101,ศิลปะ,ศิลปะ,พื้นฐาน,ม.2,1,1,40,2,true,
ศ22102,ศิลปะ,ศิลปะ,พื้นฐาน,ม.2,2,1,40,2,true,
ส22101,สังคมศึกษา ศาสนา และวัฒนธรรม,สังคมศึกษา ศาสนา และวัฒนธรรม,พื้นฐาน,ม.2,1,1,40,2,true,
ส22102,ประวัติศาสตร์,สังคมศึกษา ศาสนา และวัฒนธรรม,พื้นฐาน,ม.2,1,0.5,20,1,true,
ส22103,หน้าที่พลเมือง วัฒนธรรมและการดำเนินชีวิตในสังคม,สังคมศึกษา ศาสนา และวัฒนธรรม,พื้นฐาน,ม.2,1,0.5,20,1,true,
ส22104,สังคมศึกษา ศาสนา และวัฒนธรรม,สังคมศึกษา ศาสนา และวัฒนธรรม,พื้นฐาน,ม.2,2,1,40,2,true,
ส22105,ประวัติศาสตร์,สังคมศึกษา ศาสนา และวัฒนธรรม,พื้นฐาน,ม.2,2,0.5,20,1,true,
ส22106,หน้าที่พลเมือง วัฒนธรรมและการดำเนินชีวิตในสังคม,สังคมศึกษา ศาสนา และวัฒนธรรม,พื้นฐาน,ม.2,2,0.5,20,1,true,
อ22101,ภาษาอังกฤษ,ภาษาต่างประเทศ,พื้นฐาน,ม.2,1,1.5,60,3,true,
อ22102,ภาษาอังกฤษ,ภาษาต่างประเทศ,พื้นฐาน,ม.2,2,1.5,60,3,true,
ค23101,คณิตศาสตร์,คณิตศาสตร์,พื้นฐาน,ม.3,1,1.5,60,3,true,
ค23102,คณิตศาสตร์,คณิตศาสตร์,พื้นฐาน,ม.3,2,1.5,60,3,true,
ง23101,การงานอาชีพ,การงานอาชีพ,พื้นฐาน,ม.3,1,1,40,2,true,
ง23102,การงานอาชีพ,การงานอาชีพ,พื้นฐาน,ม.3,2,1,40,2,true,
ง23201,พื้นฐานอาชีพ,การงานอาชีพ,เพิ่มเติม,ม.3,1,1,40,2,true,
ง23202,พื้นฐานอาชีพ,การงานอาชีพ,เพิ่มเติม,ม.3,2,1,40,2,true,
ท23101,ภาษาไทย,ภาษาไทย,พื้นฐาน,ม.3,1,1.5,60,3,true,
ท23102,ภาษาไทย,ภาษาไทย,พื้นฐาน,ม.3,2,1.5,60,3,true,
พ23101,สุขศึกษาและพลศึกษา,สุขศึกษาและพลศึกษา,พื้นฐาน,ม.3,1,1,40,2,true,
พ23102,สุขศึกษาและพลศึกษา,สุขศึกษาและพลศึกษา,พื้นฐาน,ม.3,2,1,40,2,true,
พ23201,กีฬาและนันทนาการ,สุขศึกษาและพลศึกษา,เพิ่มเติม,ม.3,1,1,40,2,true,
พ23202,กีฬาและนันทนาการ,สุขศึกษาและพลศึกษา,เพิ่มเติม,ม.3,2,1,40,2,true,
ว23101,วิทยาศาสตร์,วิทยาศาสตร์และเทคโนโลยี,พื้นฐาน,ม.3,1,1,40,2,true,
ว23102,วิทยาการคำนวณ,วิทยาศาสตร์และเทคโนโลยี,พื้นฐาน,ม.3,1,0.5,20,1,true,
ว23103,วิทยาศาสตร์,วิทยาศาสตร์และเทคโนโลยี,พื้นฐาน,ม.3,2,1,40,2,true,
ว23104,วิทยาการคำนวณ,วิทยาศาสตร์และเทคโนโลยี,พื้นฐาน,ม.3,2,0.5,20,1,true,
ว23201,สวนพฤกษศาสตร์ในโรงเรียน,วิทยาศาสตร์และเทคโนโลยี,เพิ่มเติม,ม.3,1,0.5,20,1,true,
ว23202,สวนพฤกษศาสตร์ในโรงเรียน,วิทยาศาสตร์และเทคโนโลยี,เพิ่มเติม,ม.3,2,0.5,20,1,true,
ศ23101,ศิลปะ,ศิลปะ,พื้นฐาน,ม.3,1,1,40,2,true,
ศ23102,ศิลปะ,ศิลปะ,พื้นฐาน,ม.3,2,1,40,2,true,
ส23101,สังคมศึกษา ศาสนา และวัฒนธรรม,สังคมศึกษา ศาสนา และวัฒนธรรม,พื้นฐาน,ม.3,1,1,40,2,true,
ส23102,ประวัติศาสตร์,สังคมศึกษา ศาสนา และวัฒนธรรม,พื้นฐาน,ม.3,1,0.5,20,1,true,
ส23103,หน้าที่พลเมือง วัฒนธรรมและการดำเนินชีวิตในสังคม,สังคมศึกษา ศาสนา และวัฒนธรรม,พื้นฐาน,ม.3,1,0.5,20,1,true,
ส23104,สังคมศึกษา ศาสนา และวัฒนธรรม,สังคมศึกษา ศาสนา และวัฒนธรรม,พื้นฐาน,ม.3,2,1,40,2,true,
ส23105,ประวัติศาสตร์,สังคมศึกษา ศาสนา และวัฒนธรรม,พื้นฐาน,ม.3,2,0.5,20,1,true,
ส23106,หน้าที่พลเมือง วัฒนธรรมและการดำเนินชีวิตในสังคม,สังคมศึกษา ศาสนา และวัฒนธรรม,พื้นฐาน,ม.3,2,0.5,20,1,true,
อ23101,ภาษาอังกฤษ,ภาษาต่างประเทศ,พื้นฐาน,ม.3,1,1.5,60,3,true,
อ23102,ภาษาอังกฤษ,ภาษาต่างประเทศ,พื้นฐาน,ม.3,2,1.5,60,3,true,
ค31101,คณิตศาสตร์,คณิตศาสตร์,พื้นฐาน,ม.4,1,1,40,2,true,
ค31102,คณิตศาสตร์,คณิตศาสตร์,พื้นฐาน,ม.4,2,1,40,2,true,
ง31101,การงานอาชีพ,การงานอาชีพ,พื้นฐาน,ม.4,1,0.5,20,1,true,
ง31102,การงานอาชีพ,การงานอาชีพ,พื้นฐาน,ม.4,2,0.5,20,1,true,
ง31201,พื้นฐานอาชีพ,การงานอาชีพ,เพิ่มเติม,ม.4,1,6,240,12,true,ตรวจสอบ
ง31202,พื้นฐานอาชีพ,การงานอาชีพ,เพิ่มเติม,ม.4,2,6,240,12,true,ตรวจสอบ
ท31101,ภาษาไทย,ภาษาไทย,พื้นฐาน,ม.4,1,1,40,2,true,
ท31102,ภาษาไทย,ภาษาไทย,พื้นฐาน,ม.4,2,1,40,2,true,
พ31101,สุขศึกษาและพลศึกษา,สุขศึกษาและพลศึกษา,พื้นฐาน,ม.4,1,0.5,20,1,true,
พ31102,สุขศึกษาและพลศึกษา,สุขศึกษาและพลศึกษา,พื้นฐาน,ม.4,2,0.5,20,1,true,
ว31101,วิทยาศาสตร์,วิทยาศาสตร์และเทคโนโลยี,พื้นฐาน,ม.4,1,0.5,20,1,true,
ว31102,วิทยาการคำนวณ,วิทยาศาสตร์และเทคโนโลยี,พื้นฐาน,ม.4,1,0.5,20,1,true,
ว31103,วิทยาศาสตร์,วิทยาศาสตร์และเทคโนโลยี,พื้นฐาน,ม.4,2,0.5,20,1,true,
ว31104,วิทยาการคำนวณ,วิทยาศาสตร์และเทคโนโลยี,พื้นฐาน,ม.4,2,0.5,20,1,true,
ว31201,สวนพฤกษศาสตร์ในโรงเรียน,วิทยาศาสตร์และเทคโนโลยี,เพิ่มเติม,ม.4,1,0.5,20,1,true,
ว31202,สวนพฤกษศาสตร์ในโรงเรียน,วิทยาศาสตร์และเทคโนโลยี,เพิ่มเติม,ม.4,2,0.5,20,1,true,
ศ31101,ศิลปะ,ศิลปะ,พื้นฐาน,ม.4,1,0.5,20,1,true,
ศ31102,ศิลปะ,ศิลปะ,พื้นฐาน,ม.4,2,0.5,20,1,true,
ส31101,สังคมศึกษา ศาสนา และวัฒนธรรม,สังคมศึกษา ศาสนา และวัฒนธรรม,พื้นฐาน,ม.4,1,0.5,20,1,true,
ส31102,ประวัติศาสตร์,สังคมศึกษา ศาสนา และวัฒนธรรม,พื้นฐาน,ม.4,1,0.5,20,1,true,
ส31103,หน้าที่พลเมือง วัฒนธรรมและการดำเนินชีวิตในสังคม,สังคมศึกษา ศาสนา และวัฒนธรรม,พื้นฐาน,ม.4,1,0.5,20,1,true,
ส31104,สังคมศึกษา ศาสนา และวัฒนธรรม,สังคมศึกษา ศาสนา และวัฒนธรรม,พื้นฐาน,ม.4,2,0.5,20,1,true,
ส31105,ประวัติศาสตร์,สังคมศึกษา ศาสนา และวัฒนธรรม,พื้นฐาน,ม.4,2,0.5,20,1,true,
ส31106,หน้าที่พลเมือง วัฒนธรรมและการดำเนินชีวิตในสังคม,สังคมศึกษา ศาสนา และวัฒนธรรม,พื้นฐาน,ม.4,2,0.5,20,1,true,
อ31101,ภาษาอังกฤษ,ภาษาต่างประเทศ,พื้นฐาน,ม.4,1,1,40,2,true,
อ31102,ภาษาอังกฤษ,ภาษาต่างประเทศ,พื้นฐาน,ม.4,2,1,40,2,true,
ค32101,คณิตศาสตร์,คณิตศาสตร์,พื้นฐาน,ม.5,1,1,40,2,true,
ค32102,คณิตศาสตร์,คณิตศาสตร์,พื้นฐาน,ม.5,2,1,40,2,true,
ค32201,คณิตศาสตร์,คณิตศาสตร์,เพิ่มเติม,ม.5,1,0.5,20,1,true,
ค32202,คณิตศาสตร์,คณิตศาสตร์,เพิ่มเติม,ม.5,2,0.5,20,1,true,
ง32101,การงานอาชีพ,การงานอาชีพ,พื้นฐาน,ม.5,1,0.5,20,1,true,
ง32102,การงานอาชีพ,การงานอาชีพ,พื้นฐาน,ม.5,2,0.5,20,1,true,
ง32201,พื้นฐานอาชีพ,การงานอาชีพ,เพิ่มเติม,ม.5,1,2,240,12,true,
ง32202,พื้นฐานอาชีพ,การงานอาชีพ,เพิ่มเติม,ม.5,2,2,240,12,true,
ท32101,ภาษาไทย,ภาษาไทย,พื้นฐาน,ม.5,1,1,40,2,true,
ท32102,ภาษาไทย,ภาษาไทย,พื้นฐาน,ม.5,2,1,40,2,true,
ท32201,ภาษาไทย,ภาษาไทย,เพิ่มเติม,ม.5,1,0.5,20,1,true,
ท32202,ภาษาไทย,ภาษาไทย,เพิ่มเติม,ม.5,2,0.5,20,1,true,
พ32101,สุขศึกษาและพลศึกษา,สุขศึกษาและพลศึกษา,พื้นฐาน,ม.5,1,0.5,20,1,true,
พ32102,สุขศึกษาและพลศึกษา,สุขศึกษาและพลศึกษา,พื้นฐาน,ม.5,2,0.5,20,1,true,
พ32201,กีฬาและนันทนาการ,สุขศึกษาและพลศึกษา,เพิ่มเติม,ม.5,1,1,40,2,true,
พ32202,กีฬาและนันทนาการ,สุขศึกษาและพลศึกษา,เพิ่มเติม,ม.5,2,1,40,2,true,
ว32101,วิทยาศาสตร์,วิทยาศาสตร์และเทคโนโลยี,พื้นฐาน,ม.5,1,0.5,20,1,true,
ว32102,วิทยาการคำนวณ,วิทยาศาสตร์และเทคโนโลยี,พื้นฐาน,ม.5,1,0.5,20,1,true,
ว32103,วิทยาศาสตร์,วิทยาศาสตร์และเทคโนโลยี,พื้นฐาน,ม.5,2,0.5,20,1,true,
ว32104,วิทยาการคำนวณ,วิทยาศาสตร์และเทคโนโลยี,พื้นฐาน,ม.5,2,0.5,20,1,true,
ว32201,สวนพฤกษศาสตร์ในโรงเรียน,วิทยาศาสตร์และเทคโนโลยี,เพิ่มเติม,ม.5,1,0.5,20,1,true,
ว32202,สวนพฤกษศาสตร์ในโรงเรียน,วิทยาศาสตร์และเทคโนโลยี,เพิ่มเติม,ม.5,2,0.5,20,1,true,
ศ32101,ศิลปะ,ศิลปะ,พื้นฐาน,ม.5,1,0.5,20,1,true,
ศ32102,ศิลปะ,ศิลปะ,พื้นฐาน,ม.5,2,0.5,20,1,true,
ศ32201,ศิลปะ ดนตรี นาฏศิลป์,ศิลปะ,เพิ่มเติม,ม.5,1,1,40,2,true,
ศ32202,ศิลปะ ดนตรี นาฏศิลป์,ศิลปะ,เพิ่มเติม,ม.5,2,1,40,2,true,
ส32101,สังคมศึกษา ศาสนา และวัฒนธรรม,สังคมศึกษา ศาสนา และวัฒนธรรม,พื้นฐาน,ม.5,1,0.5,20,1,true,
ส32102,ประวัติศาสตร์,สังคมศึกษา ศาสนา และวัฒนธรรม,พื้นฐาน,ม.5,1,0.5,20,1,true,
ส32103,หน้าที่พลเมือง วัฒนธรรมและการดำเนินชีวิตในสังคม,สังคมศึกษา ศาสนา และวัฒนธรรม,พื้นฐาน,ม.5,1,0.5,20,1,true,
ส32104,สังคมศึกษา ศาสนา และวัฒนธรรม,สังคมศึกษา ศาสนา และวัฒนธรรม,พื้นฐาน,ม.5,2,0.5,20,1,true,
ส32105,ประวัติศาสตร์,สังคมศึกษา ศาสนา และวัฒนธรรม,พื้นฐาน,ม.5,2,0.5,20,1,true,
ส32106,หน้าที่พลเมือง วัฒนธรรมและการดำเนินชีวิตในสังคม,สังคมศึกษา ศาสนา และวัฒนธรรม,พื้นฐาน,ม.5,2,0.5,20,1,true,
ส32201,สังคมศึกษา ศาสนา และวัฒนธรรม,สังคมศึกษา ศาสนา และวัฒนธรรม,เพิ่มเติม,ม.5,1,0.5,20,1,true,
ส32202,สังคมศึกษา ศาสนา และวัฒนธรรม,สังคมศึกษา ศาสนา และวัฒนธรรม,เพิ่มเติม,ม.5,2,0.5,20,1,true,
อ32101,ภาษาอังกฤษ,ภาษาต่างประเทศ,พื้นฐาน,ม.5,1,1,40,2,true,
อ32102,ภาษาอังกฤษ,ภาษาต่างประเทศ,พื้นฐาน,ม.5,2,1,40,2,true,
อ32201,ภาษาอังกฤษ,ภาษาต่างประเทศ,เพิ่มเติม,ม.5,1,0.5,20,1,true,
อ32202,ภาษาอังกฤษ,ภาษาต่างประเทศ,เพิ่มเติม,ม.5,2,0.5,20,1,true,
ค33101,คณิตศาสตร์,คณิตศาสตร์,พื้นฐาน,ม.6,1,1,40,2,true,
ค33102,คณิตศาสตร์,คณิตศาสตร์,พื้นฐาน,ม.6,2,1,40,2,true,
ค33201,คณิตศาสตร์,คณิตศาสตร์,เพิ่มเติม,ม.6,1,0.5,20,1,true,
ค33202,คณิตศาสตร์,คณิตศาสตร์,เพิ่มเติม,ม.6,2,0.5,20,1,true,
ง33201,พื้นฐานอาชีพ,การงานอาชีพ,เพิ่มเติม,ม.6,1,1.5,240,12,true,
ง33202,พื้นฐานอาชีพ,การงานอาชีพ,เพิ่มเติม,ม.6,2,1.5,240,12,true,
ท33101,ภาษาไทย,ภาษาไทย,พื้นฐาน,ม.6,1,1,40,2,true,
ท33102,ภาษาไทย,ภาษาไทย,พื้นฐาน,ม.6,2,1,40,2,true,
ท33201,ภาษาไทย,ภาษาไทย,เพิ่มเติม,ม.6,1,0.5,20,1,true,
ท33202,ภาษาไทย,ภาษาไทย,เพิ่มเติม,ม.6,2,0.5,20,1,true,
พ33101,สุขศึกษาและพลศึกษา,สุขศึกษาและพลศึกษา,พื้นฐาน,ม.6,1,0.5,20,1,true,
พ33102,สุขศึกษาและพลศึกษา,สุขศึกษาและพลศึกษา,พื้นฐาน,ม.6,2,0.5,20,1,true,
พ33201,กีฬาและนันทนาการ,สุขศึกษาและพลศึกษา,เพิ่มเติม,ม.6,1,1.5,60,3,true,
พ33202,กีฬาและนันทนาการ,สุขศึกษาและพลศึกษา,เพิ่มเติม,ม.6,2,1.5,60,3,true,
ว33101,วิทยาศาสตร์,วิทยาศาสตร์และเทคโนโลยี,พื้นฐาน,ม.6,1,0.5,20,1,true,
ว33102,วิทยาการคำนวณ,วิทยาศาสตร์และเทคโนโลยี,พื้นฐาน,ม.6,1,0.5,20,1,true,
ว33103,วิทยาศาสตร์,วิทยาศาสตร์และเทคโนโลยี,พื้นฐาน,ม.6,2,0.5,20,1,true,
ว33104,วิทยาการคำนวณ,วิทยาศาสตร์และเทคโนโลยี,พื้นฐาน,ม.6,2,0.5,20,1,true,
ว33201,สวนพฤกษศาสตร์ในโรงเรียน,วิทยาศาสตร์และเทคโนโลยี,เพิ่มเติม,ม.6,1,0.5,20,1,true,
ว33202,สวนพฤกษศาสตร์ในโรงเรียน,วิทยาศาสตร์และเทคโนโลยี,เพิ่มเติม,ม.6,2,0.5,20,1,true,
ศ33101,ศิลปะ,ศิลปะ,พื้นฐาน,ม.6,1,0.5,20,1,true,
ศ33102,ศิลปะ,ศิลปะ,พื้นฐาน,ม.6,2,0.5,20,1,true,
ศ33201,ศิลปะ ดนตรี นาฏศิลป์,ศิลปะ,เพิ่มเติม,ม.6,1,1.5,60,3,true,
ศ33202,ศิลปะ ดนตรี นาฏศิลป์,ศิลปะ,เพิ่มเติม,ม.6,2,1.5,60,3,true,
ส33101,สังคมศึกษา ศาสนา และวัฒนธรรม,สังคมศึกษา ศาสนา และวัฒนธรรม,พื้นฐาน,ม.6,1,0.5,20,1,true,ตรวจสอบ
ส33102,หน้าที่พลเมือง วัฒนธรรมและการดำเนินชีวิตในสังคม,สังคมศึกษา ศาสนา และวัฒนธรรม,พื้นฐาน,ม.6,1,0.5,20,1,true,ตรวจสอบ
ส33103,สังคมศึกษา ศาสนา และวัฒนธรรม,สังคมศึกษา ศาสนา และวัฒนธรรม,พื้นฐาน,ม.6,2,0.5,20,1,true,ตรวจสอบ
ส33104,หน้าที่พลเมือง วัฒนธรรมและการดำเนินชีวิตในสังคม,สังคมศึกษา ศาสนา และวัฒนธรรม,พื้นฐาน,ม.6,2,0.5,20,1,true,ตรวจสอบ
ส33201,สังคมศึกษา ศาสนา และวัฒนธรรม,สังคมศึกษา ศาสนา และวัฒนธรรม,เพิ่มเติม,ม.6,1,0.5,20,1,true,ตรวจสอบ
ส33202,สังคมศึกษา ศาสนา และวัฒนธรรม,สังคมศึกษา ศาสนา และวัฒนธรรม,เพิ่มเติม,ม.6,2,0.5,20,1,true,ตรวจสอบ
อ33101,ภาษาอังกฤษ,ภาษาต่างประเทศ,พื้นฐาน,ม.6,1,1,40,2,true,
อ33102,ภาษาอังกฤษ,ภาษาต่างประเทศ,พื้นฐาน,ม.6,2,1,40,2,true,
อ33201,ภาษาอังกฤษ,ภาษาต่างประเทศ,เพิ่มเติม,ม.6,1,0.5,20,1,true,
อ33202,ภาษาอังกฤษ,ภาษาต่างประเทศ,เพิ่มเติม,ม.6,2,0.5,20,1,true,
